{
  "baseline_naive": {
    "mae": 63.21578823133849,
    "rmse": 173.81318159909688,
    "r2": 0.9613914153502756
  },
  "baseline_ma": {
    "ma_3": {
      "mae": 52.50151126782582,
      "rmse": 148.3715961924125,
      "r2": 0.971866743854544
    },
    "ma_6": {
      "mae": 102.7880036165463,
      "rmse": 295.9577819377183,
      "r2": 0.8880618847446523
    },
    "ma_12": {
      "mae": 102.7880036165463,
      "rmse": 295.9577819377183,
      "r2": 0.8880618847446523
    }
  },
  "rf_mae": 4.989356721532882,
  "rf_rmse": 35.364462805940306,
  "rf_r2": 0.9984017209991781,
  "xgb_mae": 10.867513352685183,
  "xgb_rmse": 101.28276255330992,
  "xgb_r2": 0.9868903970151143,
  "final_comparison": [
    {
      "Rank": 1,
      "Model": "RandomForest",
      "Type": "ML",
      "MAE": 4.989356721532883,
      "RMSE": 35.36446280594031,
      "R\u00b2": 0.9984017209991781
    },
    {
      "Rank": 2,
      "Model": "XGBoost",
      "Type": "ML",
      "MAE": 10.867513352685183,
      "RMSE": 101.28276255330992,
      "R\u00b2": 0.9868903970151143
    },
    {
      "Rank": 3,
      "Model": "RF (Tuned)",
      "Type": "ML-Tuned",
      "MAE": 12.379119047416435,
      "RMSE": 90.69179459834059,
      "R\u00b2": 0.9894887478556625
    },
    {
      "Rank": 4,
      "Model": "MA (ma_3)",
      "Type": "Baseline",
      "MAE": 52.50151126782582,
      "RMSE": 148.3715961924125,
      "R\u00b2": 0.971866743854544
    },
    {
      "Rank": 5,
      "Model": "Naive (lag_1)",
      "Type": "Baseline",
      "MAE": 63.21578823133849,
      "RMSE": 173.81318159909688,
      "R\u00b2": 0.9613914153502756
    },
    {
      "Rank": 6,
      "Model": "MA (ma_6)",
      "Type": "Baseline",
      "MAE": 102.7880036165463,
      "RMSE": 295.9577819377183,
      "R\u00b2": 0.8880618847446523
    },
    {
      "Rank": 7,
      "Model": "MA (ma_12)",
      "Type": "Baseline",
      "MAE": 102.7880036165463,
      "RMSE": 295.9577819377183,
      "R\u00b2": 0.8880618847446523
    }
  ],
  "best_model": "RandomForest",
  "best_mae": 4.989356721532883,
  "best_rmse": 35.36446280594031,
  "best_r2": 0.9984017209991781,
  "cv_mean_mae": 11.163320052652846,
  "cv_mean_r2": 0.9914486211211484
}